solid	pretty	CLERS	v	sixnet
tet	tetrahedron	CCAE	4	1
cube	cube	CCCACCCACCACCACAACDEDEBE	14	1
oct	octahedron	CCCACAAE	6	1
ico	icosahedron	CCCCACCACACACAACAAAE	12	1
dod	dodecahedron	CCCCACCCACCACCACCACACACCAACCAACCAACCAACACACAACAACAACAAACAAAE	32	1
cuboctahedron	cuboctahedron	CCCACCCACCACCACACCAACAACAADECAAE	18	1
truncated_tetrahedron	truncated tetrahedron	CCCCACCACACCACACACACAACAAAAE	16	1
truncated_octahedron	truncated octahedron	CCCACCCACCACCACACCACCACACCACACCACACACCACAACACAACACAACADECACAACAACAAACAAE	38	1
rhombicuboctahedron	rhombicuboctahedron	CCCACCCCACCCACCCACCAACCCAACCAACCDECCAACCAACAACCCACAACACCDECCACAACACAACDDEEDEBDEE	42	0
snub_cube	snub cube	CCCACCCACCACCACACCACCACACCACACCACACAACACDEACDEACDEAACAAE	30	1
icosidodecahedron	icosidodecahedron	CCCCACCCACCACCACCACACCACACACACACACACACAACCACACACACACACACACAACCAACAACAACAADECAAAE	42	1
truncated_icosahedron	truncated icosahedron (soccer ball)	CCCCACCCACCACCACCACACCACCACACCACACCACACCACACACCACACACACACACACACACACACACACAACCACACACACACACACACACACACACACAACCACACACACACACACACACACACACACAACCACAACACAACACAACACAACADECACAACAACAACAAACAAAE	92	1
rhombicosidodecahedron	rhombicosidodecahedron	CCCACCCCACCCACCCACCACACCCAACCAACCCAACCCAACCAACCACCAACCCACACACACCCAACAACCCACACACACCDECCACACACCDECACDECCACACACACACCDECACDECCAACCDECACCAACDECAACCACDECACCAACDECAACAACDECCACAACACCDEDECCACAACACAACDDEEDEBDEE	102	0
snub_dodecahedron	snub dodecahedron	CCCCACCCACCACCACCACACCACCACACCACACCACACCACACACACACCAACACCAACACCAACACCAACACACACACCAACACCAACACCAACACCAACACACAACCAAACCAAACCAAACCAAACAACDEDEDEBE	72	1
pri3	pri3	CCCACCACACAAAE	9	1
pri4	pri4	CCCACCCACCACCACAACDEDEBE	14	1
pri5	pri5	CCCACCCACCACCACAACCAACDECAAAAE	17	1
pri6	pri6	CCCACCCACCACCACAACCACACDECACAAACADEE	20	1
ant3	ant3	CCCACAAE	6	1
ant4	ant4	CCCACCACACAACAAE	10	1
ant5	ant5	CCCCACCACACACAACAAAE	12	1
ant6	ant6	CCCCACCACACACACACAACAAAE	14	1
j1	j1	CCCACAAE	6	1
j2	j2	CCCACACAAE	7	1
j3	j3	CCCACCACACCACACACAAABE	13	1
j7	j7	CCACCCACCACAADEE	10	1
j8	j8	CCCACCCACCACCACAACDEDEBE	14	1
j9	j9	CCCACCCACCACCACAACCAACDECAAAAE	17	1
j10	j10	CCCACCACACAACAAE	10	1
j11	j11	CCCCACCACACACAACAAAE	12	1
j12	j12	CCACAE	5	1
j13	j13	CCCACACAAE	7	1
j14	j14	CCACCCACCACAACDEBE	11	1
j15	j15	CCCACCCACCACCACAACDEDEBE	14	1
j16	j16	CCCACCCACCACCACAACCAACDECAAAAE	17	1
j17	j17	CCCACCACACAACAAE	10	1
j18	j18	CCCACCCACCACCCACCAACCACACDECCAACAACAACADEBCAAE	25	0
j22	j22	CCCACCCACCACCACACACACAACAACAACAAAE	19	1
j26	j26	CCCACCACACCACACDEAAE	12	1
j27	j27	CCCACCCACCACCACAACCACAACAACAABBE	18	1
j28	j28	CCCACCCACCACCCACCACCACCDECCACAACCDECDEDECDEDBEBE	26	0
j29	j29	CCCACCCACCACCCACCACCAACCAACAACCDECDECACAACAABDEE	26	0
j30	j30	CCCACCCACCACCCACCACCACCDECCACAACCCAACCDEDECCAACDBECAACAAAABE	32	0
j31	j31	CCCACCCACCACCCACCACCAACCAACAACCCAACCDECACACACAABCAACAADECAAE	32	0
j32	j32	CCCACCCACCACCCACCACCACACACACAACCCAACCDECACACACACAACCAACAACAACAADECAAAE	37	0
j33	j33	CCCACCCACCACCCACCACCACCAACCACAACCCAACCDECAACCAACCAAACCAACAACAACDEDEAAE	37	0
j34	j34	CCCCACCCACCACCACCACACACCACACACACACACACACACACCAACACACACACACAACAACCAACAACAACAAABBE	42	1
j35	j35	CCCACCCACCACCCACCACCCAACAACCAACCDECDECCAACACAACACDEAADEE	30	0
j36	j36	CCCACCCACCACCCACCACCCAACAACCAACCDECDECCAACACAACAADECADEE	30	0
j37	j37	CCCACCCCACCCACCCACCAACCCAACCAACCDECCAACCAACAACCCACAACAACCAACAACACAACCDEABAACADEE	42	0
j38	j38	CCCACCCCACCCACCCACCAACCCAACCAACCCAACCCAACCAACAACCCACAACACCCAACAACCCACAACACACACDDEECAACACAACDDEEABDEE	52	0
j39	j39	CCCACCCCACCCACCCACCAACCCAACCAACCCAACCCAACCAACACCCAACAACACCCAACAACCCACAADECCACACADEBCAACACAADBBECAABE	52	0
j40	j40	CCCACCCCACCCACCCACCAACCCAACCAACCCAACCCAACCAACACCACACAACACCCAACAACCCACAACAACCACACADECCAACACAACCDEAABCAADECADEAE	57	0
j41	j41	CCCACCCCACCCACCCACCAACCCAACCAACCCAACCCAACCAACACACCACAACACCCAACAACCCACAACACACACCAADECCAACACAACCDEAACAACDEADEABE	57	0
j42	j42	CCCACCCCACCCACCCACCAACCCACACACACCDECCACACACACAACCCACACACACACCDECCACACACACACAACCCAACAACAACCDECCAACAACAACAACDCAAAEDEBCAAAE	62	0
j43	j43	CCCACCCCACCCACCCACCAACCCACACACACCDECCACCAACCACAACCCACACACACACCDECCAACCAACCAACAACCCAACAACAACCDECCAACDECAACAACDCAAAEDEBDEE	62	0
j44	j44	CCCACCCACCACCACACCAACAACACCACACACCAAACAADEAE	24	1
j45	j45	CCCACCCACCACCCACCACCACCACACCACAACCDECDECACAACDECCACAACDEACADEBBE	34	0
j46	j46	CCCACCCACCACCCACCACCACCACACCACAACCCAACCDECACAACDECCACAACCAACAACACACAACDBECAAADEE	42	0
j47	j47	CCCACCCACCACCCACCACCACCACACCACAACCCAACCDECACACACAACCACAACCAACAACACACACAACCAAACCAAACAADEDEE	47	0
j48	j48	CCCCACCCACCACCACCACACCACACACACACACACACAACCACACACACACACACACAACCACACACACACACACACAACACAACAACAACAAACAAAE	52	1
j49	j49	CCCACCACACAAAE	9	1
j50	j50	CCCACCACACAAAE	9	1
j51	j51	CCCACCACACAAAE	9	1
j52	j52	CCCACCCACCACCACAACCAACDECAAAAE	17	1
j53	j53	CCCACCCACCACCACAACCAACDECAAAAE	17	1
j54	j54	CCCACCCACCACCACAACCACACDECACAAACADEE	20	1
j55	j55	CCCACCCACCACCACAACCACACDECACAAACADEE	20	1
j56	j56	CCCACCCACCACCACAACCACACDECACAAACADEE	20	1
j57	j57	CCCACCCACCACCACAACCACACDECACAAACADEE	20	1
j58	j58	CCCCACCCACCACCACCACACACCAACCAACCAACCAACACACAACAACAACAAACAAAE	32	1
j59	j59	CCCCACCCACCACCACCACACACCAACCAACCAACCAACACACAACAACAACAAACAAAE	32	1
j60	j60	CCCCACCCACCACCACCACACACCAACCAACCAACCAACACACAACAACAACAAACAAAE	32	1
j61	j61	CCCCACCCACCACCACCACACACCAACCAACCAACCAACACACAACAACAACAAACAAAE	32	1
j62	j62	CCCCACCACACACAACAAAE	12	1
j63	j63	CCCCACCACACACAACAAAE	12	1
j64	j64	CCACCCACCACACACAACAAAE	13	1
j65	j65	CCCACCCACCACCACACACCACAACAACACAACAAAAE	21	1
j72	j72	CCCACCCCACCCACCCACCAACCCACACCAACCCAACCCAACCACACACCCAACCACCAACACCCAACAACCCACAACCACDECCACACACCDECCACAACCCAACACAACCCAACACCDECAACCACDECCAACCDEAACCCACAACACCCAADECCAACACCDECAACAAACACDDEECACAAADECCAACAABDEBE	102	0
j73	j73	CCCACCCCACCCACCCACCAACCCACACCAACCCAACCCAACCACACACCCAACCACCAACACCCAACAACCCACAACCACDECCACACACCDECCACAACCCAACACAACCCAACACCDECAACCACDECCAACCDEAACCCACAACACCCAADECCAACAACDECCACAAACACDDEECACAAACACAACDBEDEBAE	102	0
j74	j74	CCCACCCCACCCACCCACCAACCCACACCAACCCAACCCAACCACACAACCCACCACCAACACCCAACAACCCACAACCACCACACACCDECDECCACAACCCAACACAACCCAACACCDECDECACCAACCAACCDEAACCCACAACACCCAADECCAACDECCACAACAAACACDDEECACAAADECCAACAABDEBE	102	0
j75	j75	CCCACCCCACCCACCCACCAACCCACACCAACCCAACCCAACCACACAACCCACCACCAACACCCAACAACCCACAACCACCACACACCDECDECCACAACCCAACACAACCCAACACCDECDECACCAACCAACCDEAACCCACAACAACCCADEBCAACDECCACAACAAACACCDEABACACADEBCAACAABCAAE	102	0
j84	j84	CCCACACACAAE	8	1
j85	j85	CCCACCCACCACCACACACAACAACAAACAAE	18	1
j86	j86	CCCACCACACCACACAAABE	12	1
j87	j87	CCCACCACACCACACAAABE	12	1
j88	j88	CCCACCACCACCACACAACDEDEE	14	1
j89	j89	CCCACCCACCACCACAACCAACAACAAAAE	17	1
j90	j90	CCCACCCACCACCACAACCAACCAACCAAACAAAAE	20	1
j91	j91	CCCACCCACCACCACACACACACAACACAAACADEE	20	1
j92	j92	CCCACCCACCACCACACACACACAACCACACACACACAAACADEAE	25	1
