name	v	decapV	facevec	match
CCCACCACACACACCACACACACACADEAE	17	13	18x3+2x4	-
CCCACCACACCACACCAACACDEABE	15	10	6x3+5x4	-
CCCACCACACCACACACAACACAACAAE	16	14	20x3+2x4	-
CCCACCACCACCACACCACAACAADEBE	16	13	16x3+3x4	-
CCCACACAAE	7	5	4x3+1x4	j1
CCCACCACACAAAE	9	6	2x3+3x4	pri3
CCCACCACACAACAAE	10	8	10x3+1x4	j50
CCCACCACACCACAADEE	11	8	4x3+4x4	j26
CCCACCACACCACACAAABE	12	10	12x3+2x4	j86
CCCACCACACCACACDEAAE	12	8	8x3+2x4	ant4
CCCACCACACCACACDEABE	12	8	6x4	cube,pri4
CCCACACCACCACACAACAABE	13	11	14x3+2x4	-
CCCACCACACCACACACAAABE	13	10	12x3+2x4	j86
CCCACCACCACCACACAACDEDEE	14	12	20x3	ico
CCCACCCACCACCACAACDEDEBE	14	8	6x3+3x4	j14
CCCACCCACCACCACAACCAACAACAAAAE	17	14	18x3+3x4	j89
CCCACCCACCACCACAACCAACDECAAAAE	17	10	10x3+3x4	-
CCCACCACACCACACCAACACCAACACDEABE	18	13	11x3+4x4+1x5	-
CCCACCCACCACCACAACCAACACACAAABBE	18	14	12x3+6x4	-
CCCACCCACCACCACAACCACAACAACAABBE	18	12	16x3+2x4	j88
CCCACCCACCACCACACACAACAACAAACAAE	18	16	26x3+1x4	-
CCCACCCACCACCACACCAACAACAADECAAE	18	12	8x3+6x4	cuboctahedron,j27
CCCACCACACCACACACACACCACAACACAAABE	19	17	18x3+6x4	-
CCCACCACCACACACCACACCACACACAADEDEE	19	13	6x3+8x4	-
CCCACCCACCACCACACACACAACAACAACAAAE	19	16	22x3+3x4	-
CCCACCACCACACACCACACCACACACAACAAAABE	20	12	8x3+6x4	cuboctahedron,j27
CCCACCCACCACCACAACCAACCAACCAAACAAAAE	20	16	24x3+2x4	j85
CCCACCCACCACCACAACCACACDECACAAACADEE	20	14	12x3+6x4	-
CCCACCACACCACACCAACACCAACACCAACACDEABE	21	17	10x3+6x4+2x6	-
CCCACCCACCACCACACACCACAACAACACAACAAAAE	21	18	26x3+3x4	-
CCCACCCACCACCACACCAACAACACACAACCAAABAE	21	18	26x3+3x4	-
CCCACCACACCACACCACACACCACACACACACAAABABE	22	18	18x3+7x4	-
CCCACCACACCACACACACACCACAACACAACACAACAAE	22	19	22x3+6x4	-
CCCACCCACCACCACACCAACACACAACAACCAABACAAE	22	19	20x3+7x4	-
CCCACCACACCACACCAACACCAACACCAACACCAACACDEABE	24	17	10x3+6x4+2x6	-
CCCACCCACCACCACACCAACAACACCACACACCAAACAADEAE	24	18	20x3+6x4	j44
CCCACCCACCACCACACCACACACACACACAACAACACAAABAE	24	21	26x3+6x4	-
CCCACCACACCACACACACACCACAACACACACCACAACACAAABE	25	20	22x3+7x4	-
CCCACCCACCACCACACACCACACACACACACACACDEACACADEAAE	26	20	30x3+3x4	-
CCCACCCACCACCACACCAACACACACCACAACCAACAACAADECAAE	26	22	30x3+5x4	-
CCCACCACACCACACCAACACCAACACCAACACCAACACCAACACDEABE	27	16	13x3+4x4+1x5+1x6	-
CCCACCACACCACACCACACACCACACACACACAACACACAACACAAABE	27	23	28x3+7x4	-
CCCACCACACCACACACACACCACAACACACACCACAACACAACACAACAAE	28	21	30x3+4x4	-
CCCACCCACCACCACAACCACACCAACCACAACACACACDECACAAACADEE	28	21	24x3+7x4	-
CCCACCCACCACCACAACCACACCACACCACAACCACACAACACAACAABBABE	29	22	26x3+7x4	-
CCCACCACACCACACCAACACCAACACCAACACCAACACCAACACCAACACDEABE	30	18	12x3+6x4+2x6	-
CCCACCACACCACACCACACACCACACACACACAACACACAACACAACACAACAAE	30	24	36x3+4x4	-
CCCACCACACCACACCACACACCACACACACACACACCACACAACACACAAABABE	30	24	28x3+8x4	-
CCCACCCACCACCACACCACCACACCACACCACACAACACDEACDEACDEAACAAE	30	24	42x3+1x4	-
CCCACCCACCACCACACCACACACACACACAACCACACACACACACAABCAADEAE	30	23	17x3+11x4+1x5	-
