name	k	url
CCCACCACACAAAE	4	https://math.dartmouth.edu/~doyle/docs/atlas/glb/dented/dented_CCCACCACACAAAE_v4.glb
CCCACCACACAACAAE	4	https://math.dartmouth.edu/~doyle/docs/atlas/glb/dented/dented_CCCACCACACAACAAE_v4.glb
CCCACCACACACAAAE	4	https://math.dartmouth.edu/~doyle/docs/atlas/glb/dented/dented_CCCACCACACACAAAE_v4.glb
CCCACACACCACACAAAE	7	https://math.dartmouth.edu/~doyle/docs/atlas/glb/dented/dented_CCCACACACCACACAAAE_v7.glb
CCCACACCACACAACAAE	4	https://math.dartmouth.edu/~doyle/docs/atlas/glb/dented/dented_CCCACACCACACAACAAE_v4.glb
CCCACACCACACACAAAE	4	https://math.dartmouth.edu/~doyle/docs/atlas/glb/dented/dented_CCCACACCACACACAAAE_v4.glb
CCCACCACACACAACAAE	4	https://math.dartmouth.edu/~doyle/docs/atlas/glb/dented/dented_CCCACCACACACAACAAE_v4.glb
CCCACCACACACACAAAE	4	https://math.dartmouth.edu/~doyle/docs/atlas/glb/dented/dented_CCCACCACACACACAAAE_v4.glb
CCCACCACACCACAADEE	4	https://math.dartmouth.edu/~doyle/docs/atlas/glb/dented/dented_CCCACCACACCACAADEE_v4.glb
CCCACACACCACACAACAAE	4	https://math.dartmouth.edu/~doyle/docs/atlas/glb/dented/dented_CCCACACACCACACAACAAE_v4.glb
CCCACACACCACACACAAAE	7	https://math.dartmouth.edu/~doyle/docs/atlas/glb/dented/dented_CCCACACACCACACACAAAE_v7.glb
CCCACACCACACAACACAAE	4	https://math.dartmouth.edu/~doyle/docs/atlas/glb/dented/dented_CCCACACCACACAACACAAE_v4.glb
CCCACACCACACACAACAAE	4	https://math.dartmouth.edu/~doyle/docs/atlas/glb/dented/dented_CCCACACCACACACAACAAE_v4.glb
CCCACACCACACACACAAAE	4	https://math.dartmouth.edu/~doyle/docs/atlas/glb/dented/dented_CCCACACCACACACACAAAE_v4.glb
CCCACACCACCACACAAAAE	4	https://math.dartmouth.edu/~doyle/docs/atlas/glb/dented/dented_CCCACACCACCACACAAAAE_v4.glb
CCCACACCACCACACAAABE	4	https://math.dartmouth.edu/~doyle/docs/atlas/glb/dented/dented_CCCACACCACCACACAAABE_v4.glb
CCCACCACACACACAACAAE	4	https://math.dartmouth.edu/~doyle/docs/atlas/glb/dented/dented_CCCACCACACACACAACAAE_v4.glb
CCCACCACACACACACAABE	4	https://math.dartmouth.edu/~doyle/docs/atlas/glb/dented/dented_CCCACCACACACACACAABE_v4.glb
CCCACCACACCACAACAABE	4	https://math.dartmouth.edu/~doyle/docs/atlas/glb/dented/dented_CCCACCACACCACAACAABE_v4.glb
CCCACCACACCACACAAAAE	4	https://math.dartmouth.edu/~doyle/docs/atlas/glb/dented/dented_CCCACCACACCACACAAAAE_v4.glb
CCCACCACACCACACAAABE	4	https://math.dartmouth.edu/~doyle/docs/atlas/glb/dented/dented_CCCACCACACCACACAAABE_v4.glb
CCCACCACACCACACDEAAE	7	https://math.dartmouth.edu/~doyle/docs/atlas/glb/dented/dented_CCCACCACACCACACDEAAE_v7.glb
CCCACCACACCACACDEABE	7	https://math.dartmouth.edu/~doyle/docs/atlas/glb/dented/dented_CCCACCACACCACACDEABE_v7.glb
CCCACCACCACACAACADEE	5	https://math.dartmouth.edu/~doyle/docs/atlas/glb/dented/dented_CCCACCACCACACAACADEE_v5.glb
CCCACCACCACACACAAAAE	4	https://math.dartmouth.edu/~doyle/docs/atlas/glb/dented/dented_CCCACCACCACACACAAAAE_v4.glb
CCCCACCACACACAACAAAE	4	https://math.dartmouth.edu/~doyle/docs/atlas/glb/dented/dented_CCCCACCACACACAACAAAE_v4.glb
